booktitle,booklink
Do it! 점프 투 파이썬,/Product/Goods/74419916?OzSrank=1
혼자 공부하는 파이썬,/Product/Goods/74269975?OzSrank=2
혼자 공부하는 머신러닝+딥러닝,/Product/Goods/96024871?OzSrank=3
두근두근 파이썬,/Product/Goods/35279965?OzSrank=4
파이썬 for Beginner,/Product/Goods/83849188?OzSrank=5
이것이 취업을 위한 코딩 테스트다 with 파이썬 ,/Product/Goods/91433923?OzSrank=6
밑바닥부터 시작하는 딥러닝 ,/Product/Goods/34970929?OzSrank=7
파이썬 증권 데이터 분석 ,/Product/Goods/90578506?OzSrank=8
실전 시계열 분석,/Product/Goods/98576347?OzSrank=9
핸즈온 머신러닝,/Product/Goods/89959711?OzSrank=10
파이썬을 이용한 비트코인 자동매매,/Product/Goods/98135876?OzSrank=11
파이썬 알고리즘 인터뷰,/Product/Goods/91084402?OzSrank=12
Do it! 파이썬 생활 프로그래밍,/Product/Goods/91437485?OzSrank=13
Do it! 점프 투 파이썬 + Do it! 파이썬 생활 프로그래밍,/Product/Goods/91446225?OzSrank=14
파이썬 머신러닝 완벽 가이드,/Product/Goods/87044746?OzSrank=15
어서와 파이썬은 처음이지!,/Product/Goods/30575427?OzSrank=16
파이썬으로 배우는 컴퓨팅 사고,/Product/Goods/70749127?OzSrank=17
Do it! 자료구조와 함께 배우는 알고리즘 입문 : 파이썬 편,/Product/Goods/91219874?OzSrank=18
Do it! 점프 투 파이썬 + Do it! 자료구조와 함께 배우는 알고리즘 입문 : 파이썬 편 + Do it! 파이썬 생활 프로그래밍,/Product/Goods/91446242?OzSrank=19
Python 실습으로 기초부터,/Product/Goods/98795965?OzSrank=20
