Alfreds Futterkiste,Germany
Ana Trujillo Emparedados y helados,Mexico
Antonio Moreno Taqueria,Mexico
Around the Horn,UK
Berglunds snabbkop,Sweden
Blauer See Delikatessen,Germany
Blondel pere et fils,France
Bolido Comidas preparadas,Spain
Bon app',France
Bottom-Dollar Marketse,Canada
B's Beverages,UK
Cactus Comidas para llevar,Argentina
Centro comercial Moctezuma,Mexico
Chop-suey Chinese,Switzerland
Comercio Mineiro,Brazil
Consolidated Holdings,UK
Drachenblut Delikatessend,Germany
Du monde entier,France
Eastern Connection,UK
Ernst Handel,Austria
Familia Arquibaldo,Brazil
FISSA Fabrica Inter. Salchichas S.A.,Spain
Folies gourmandes,France
Folk och fa HB,Sweden
Frankenversand,Germany
France restauration,France
Franchi S.p.A.,Italy
Furia Bacalhau e Frutos do Mar,Portugal
Galeria del gastronomo,Spain
Godos Cocina Tipica,Spain
Gourmet Lanchonetes,Brazil
Great Lakes Food Market,USA
GROSELLA-Restaurante,Venezuela
Hanari Carnes,Brazil
HILARIoN-Abastos,Venezuela
Hungry Coyote Import Store,USA
Hungry Owl All-Night Grocers,Ireland
Island Trading,UK
Koniglich Essen,Germany
La corne d'abondance,France
La maison d'Asie,France
Laughing Bacchus Wine Cellars,Canada
Lazy K Kountry Store,USA
Lehmanns Marktstand,Germany
Let's Stop N Shop,USA
LILA-Supermercado,Venezuela
LINO-Delicateses,Venezuela
Lonesome Pine Restaurant,USA
Magazzini Alimentari Riuniti,Italy
Maison Dewey,Belgium
Mere Paillarde,Canada
Morgenstern Gesundkost,Germany
North/South,UK
Oceano Atlantico Ltda.,Argentina
Old World Delicatessen,USA
Ottilies Kaseladen,Germany
Paris specialites,France
Pericles Comidas clasicas,Mexico
Piccolo und mehr,Austria
Princesa Isabel Vinhoss,Portugal
Que Delicia,Brazil
Queen Cozinha,Brazil
QUICK-Stop,Germany
Rancho grande,Argentina
Rattlesnake Canyon Grocery,USA
Reggiani Caseifici,Italy
Ricardo Adocicados,Brazil
Richter Supermarkt,Switzerland
Romero y tomillo,Spain
Sante Gourmet,Norway
Save-a-lot Markets,USA
Seven Seas Imports,UK
Simons bistro,Denmark
Specialites du monde,France
Split Rail Beer & Ale,USA
Supremes delices,Belgium
The Big Cheese,USA
The Cracker Box,USA
Toms Spezialitaten,Germany
Tortuga Restaurante,Mexico
Tradicao Hipermercados,Brazil
Trail's Head Gourmet Provisioners,USA
Vaffeljernet,Denmark
Victuailles en stock,France
Vins et alcools Chevalier,France
Die Wandernde Kuh,Germany
Wartian Herkku,Finland
Wellington Importadora,Brazil
White Clover Markets,USA
Wilman Kala,Finland
Wolski,Poland
